{"mean":{"confidence_interval":{"confidence_level":0.95,"lower_bound":0.2167703956523014,"upper_bound":0.2491192661829788},"point_estimate":0.23282005683435414,"standard_error":0.008227208829865485},"median":{"confidence_interval":{"confidence_level":0.95,"lower_bound":0.21819694777406395,"upper_bound":0.2439430283809969},"point_estimate":0.2327555532181611,"standard_error":0.007262403308503554}}