{"mean":{"confidence_interval":{"confidence_level":0.95,"lower_bound":-0.030864400872135614,"upper_bound":0.00045084736028952954},"point_estimate":-0.014343243172490805,"standard_error":0.008017027056347275},"median":{"confidence_interval":{"confidence_level":0.95,"lower_bound":-0.014981986173347372,"upper_bound":0.00379205222534984},"point_estimate":-0.007959407581111244,"standard_error":0.004892150965241857}}