{"mean":{"confidence_interval":{"confidence_level":0.95,"lower_bound":5345129.830100001,"upper_bound":5368391.399000001},"point_estimate":5356412.206000001,"standard_error":5927.690911350327},"median":{"confidence_interval":{"confidence_level":0.95,"lower_bound":5335504.2,"upper_bound":5359400.0},"point_estimate":5347604.1,"standard_error":6710.564866885872},"median_abs_dev":{"confidence_interval":{"confidence_level":0.95,"lower_bound":31335.417613685408,"upper_bound":54059.30154025555},"point_estimate":41126.73022985472,"standard_error":6108.106757732611},"slope":null,"std_dev":{"confidence_interval":{"confidence_level":0.95,"lower_bound":47082.88530415583,"upper_bound":70796.52092317842},"point_estimate":59531.817229753105,"standard_error":6063.169784887908}}