{"mean":{"confidence_interval":{"confidence_level":0.95,"lower_bound":23701.801976186245,"upper_bound":24081.25988214271},"point_estimate":23893.840134950835,"standard_error":96.62735056469457},"median":{"confidence_interval":{"confidence_level":0.95,"lower_bound":23815.45390070922,"upper_bound":24139.196111518708},"point_estimate":23948.20421156613,"standard_error":81.89445348807259},"median_abs_dev":{"confidence_interval":{"confidence_level":0.95,"lower_bound":530.1083457381296,"upper_bound":897.4447341224462},"point_estimate":669.8573293434897,"standard_error":92.10417505683098},"slope":{"confidence_interval":{"confidence_level":0.95,"lower_bound":23734.15151126308,"upper_bound":24026.941612871404},"point_estimate":23891.03737172574,"standard_error":74.81593195583585},"std_dev":{"confidence_interval":{"confidence_level":0.95,"lower_bound":733.7382942691245,"upper_bound":1209.4380932451204},"point_estimate":975.2139294003463,"standard_error":122.27058103103018}}