{"mean":{"confidence_interval":{"confidence_level":0.95,"lower_bound":-0.19387794489407972,"upper_bound":-0.16872943074086189},"point_estimate":-0.18095495702982822,"standard_error":0.006452005643206793},"median":{"confidence_interval":{"confidence_level":0.95,"lower_bound":-0.18277104111677556,"upper_bound":-0.15472975232098263},"point_estimate":-0.16928733688909003,"standard_error":0.007554080927214802}}