{"mean":{"confidence_interval":{"confidence_level":0.95,"lower_bound":-0.01291042066001655,"upper_bound":0.01430259298705599},"point_estimate":0.0011216954401551682,"standard_error":0.006919363521956303},"median":{"confidence_interval":{"confidence_level":0.95,"lower_bound":-0.004742015063971872,"upper_bound":0.011386615040263282},"point_estimate":0.005116076124228597,"standard_error":0.004356464379313339}}