{"mean":{"confidence_interval":{"confidence_level":0.95,"lower_bound":12150.554004616948,"upper_bound":12848.946360961467},"point_estimate":12498.504847262997,"standard_error":178.2476965454464},"median":{"confidence_interval":{"confidence_level":0.95,"lower_bound":11022.768705038608,"upper_bound":13402.209623709623},"point_estimate":11864.776355996944,"standard_error":760.1756936998381},"median_abs_dev":{"confidence_interval":{"confidence_level":0.95,"lower_bound":572.4850456007813,"upper_bound":2819.273570455068},"point_estimate":1813.7377150724458,"standard_error":622.9263305307304},"slope":{"confidence_interval":{"confidence_level":0.95,"lower_bound":11952.84594767342,"upper_bound":12928.508057225521},"point_estimate":12455.624630876733,"standard_error":249.94842340929617},"std_dev":{"confidence_interval":{"confidence_level":0.95,"lower_bound":1646.1768473276686,"upper_bound":1901.1201086600515},"point_estimate":1784.036588898074,"standard_error":64.58624309243386}}