{"mean":{"confidence_interval":{"confidence_level":0.95,"lower_bound":-0.45604567030993326,"upper_bound":-0.3886281399133697},"point_estimate":-0.42092671675111115,"standard_error":0.017256002551845825},"median":{"confidence_interval":{"confidence_level":0.95,"lower_bound":-0.4631050705665075,"upper_bound":-0.42116463595874876},"point_estimate":-0.4531777990252963,"standard_error":0.00932955269185359}}