{"mean":{"confidence_interval":{"confidence_level":0.95,"lower_bound":-0.009000088454886097,"upper_bound":0.006246019511592182},"point_estimate":-0.0012738091218539305,"standard_error":0.003887075937134023},"median":{"confidence_interval":{"confidence_level":0.95,"lower_bound":-0.004462113958202951,"upper_bound":0.0071053038736055285},"point_estimate":0.0012968347003490255,"standard_error":0.0029063287034811107}}