{"mean":{"confidence_interval":{"confidence_level":0.95,"lower_bound":0.016384893904632034,"upper_bound":0.02675457086034178},"point_estimate":0.021223468410002777,"standard_error":0.0027318994238927385},"median":{"confidence_interval":{"confidence_level":0.95,"lower_bound":-0.00005380060796256192,"upper_bound":0.04835977264394775},"point_estimate":0.0008504720845037284,"standard_error":0.014427040909459564}}