{"mean":{"confidence_interval":{"confidence_level":0.95,"lower_bound":0.003501604974885902,"upper_bound":0.00851214690822291},"point_estimate":0.006151710530071908,"standard_error":0.0012914217612459249},"median":{"confidence_interval":{"confidence_level":0.95,"lower_bound":0.00045737623866500156,"upper_bound":0.011564364256773318},"point_estimate":0.009424115717881154,"standard_error":0.002994038252919776}}