{"mean":{"confidence_interval":{"confidence_level":0.95,"lower_bound":125201509.3475,"upper_bound":126105487.214},"point_estimate":125644961.29,"standard_error":230747.42009016947},"median":{"confidence_interval":{"confidence_level":0.95,"lower_bound":124651750.0,"upper_bound":125791063.0},"point_estimate":125161396.0,"standard_error":252653.64094455965},"median_abs_dev":{"confidence_interval":{"confidence_level":0.95,"lower_bound":1669159.9761664867,"upper_bound":2787566.6793107986},"point_estimate":2129198.1458991766,"standard_error":294963.71248713305},"slope":null,"std_dev":{"confidence_interval":{"confidence_level":0.95,"lower_bound":1957171.9000375487,"upper_bound":2640917.3163152714},"point_estimate":2315798.2718680915,"standard_error":175156.73127874563}}