{"mean":{"confidence_interval":{"confidence_level":0.95,"lower_bound":35039780.73925,"upper_bound":35449583.267625},"point_estimate":35238575.0,"standard_error":104630.05654000462},"median":{"confidence_interval":{"confidence_level":0.95,"lower_bound":34633354.0,"upper_bound":34899125.0},"point_estimate":34730166.5,"standard_error":63876.00651250288},"median_abs_dev":{"confidence_interval":{"confidence_level":0.95,"lower_bound":327144.5797920227,"upper_bound":774102.8819069266},"point_estimate":476532.09443986416,"standard_error":110609.63282534544},"slope":null,"std_dev":{"confidence_interval":{"confidence_level":0.95,"lower_bound":876292.6239981604,"upper_bound":1192743.4242171634},"point_estimate":1052441.3884687691,"standard_error":80635.31815529657}}