{"mean":{"confidence_interval":{"confidence_level":0.95,"lower_bound":0.29538518872916075,"upper_bound":0.3584126821082221},"point_estimate":0.3295872785249867,"standard_error":0.016012085854678237},"median":{"confidence_interval":{"confidence_level":0.95,"lower_bound":0.3280243865174799,"upper_bound":0.40521132756035083},"point_estimate":0.37982177801742867,"standard_error":0.020698704998031336}}