{"mean":{"confidence_interval":{"confidence_level":0.95,"lower_bound":-0.03165501360260599,"upper_bound":0.00018168107243490207},"point_estimate":-0.015781838807167214,"standard_error":0.008129470733171988},"median":{"confidence_interval":{"confidence_level":0.95,"lower_bound":-0.008787947225027515,"upper_bound":0.009718356533114609},"point_estimate":0.0005455134472274192,"standard_error":0.004841310022560712}}