{"mean":{"confidence_interval":{"confidence_level":0.95,"lower_bound":-0.01157447979380079,"upper_bound":-0.0026681128431084913},"point_estimate":-0.0072032867434045356,"standard_error":0.0022982807638616937},"median":{"confidence_interval":{"confidence_level":0.95,"lower_bound":-0.012346891620783507,"upper_bound":-0.0032436290027905157},"point_estimate":-0.006183165084291953,"standard_error":0.002066057129996498}}