{"mean":{"confidence_interval":{"confidence_level":0.95,"lower_bound":-0.03550116245554173,"upper_bound":-0.01198197858035673},"point_estimate":-0.023642969803781888,"standard_error":0.005981467275708205},"median":{"confidence_interval":{"confidence_level":0.95,"lower_bound":-0.03345699445873407,"upper_bound":-0.00720885705921781},"point_estimate":-0.018726376152152113,"standard_error":0.006727159140031796}}