{"mean":{"confidence_interval":{"confidence_level":0.95,"lower_bound":0.0028291441823253345,"upper_bound":0.023875333420230994},"point_estimate":0.013729320185083882,"standard_error":0.005350500672667263},"median":{"confidence_interval":{"confidence_level":0.95,"lower_bound":0.011910967128486494,"upper_bound":0.026638550563491403},"point_estimate":0.019021200022984797,"standard_error":0.0037565419459065314}}