{"mean":{"confidence_interval":{"confidence_level":0.95,"lower_bound":-0.023649821963552198,"upper_bound":-0.01091499794220521},"point_estimate":-0.017604177302574575,"standard_error":0.0032317945824205515},"median":{"confidence_interval":{"confidence_level":0.95,"lower_bound":-0.03800353935625356,"upper_bound":-0.028540369830757233},"point_estimate":-0.03526812813261182,"standard_error":0.002381626544048631}}