{"mean":{"confidence_interval":{"confidence_level":0.95,"lower_bound":-0.011925687962021649,"upper_bound":0.005376843788038803},"point_estimate":-0.004017940990048041,"standard_error":0.004423897548787465},"median":{"confidence_interval":{"confidence_level":0.95,"lower_bound":-0.01386933979929017,"upper_bound":-0.0062714445075480185},"point_estimate":-0.009556991181365437,"standard_error":0.0020101358133418294}}