{"mean":{"confidence_interval":{"confidence_level":0.95,"lower_bound":2392234.426583333,"upper_bound":2401325.7985714274},"point_estimate":2396520.538571428,"standard_error":2324.121643150041},"median":{"confidence_interval":{"confidence_level":0.95,"lower_bound":2388045.619047619,"upper_bound":2391401.761904762},"point_estimate":2390127.9523809524,"standard_error":910.4465740559585},"median_abs_dev":{"confidence_interval":{"confidence_level":0.95,"lower_bound":5686.229799049159,"upper_bound":9847.217225176799},"point_estimate":7958.737858704027,"standard_error":1045.724729324798},"slope":null,"std_dev":{"confidence_interval":{"confidence_level":0.95,"lower_bound":16636.56763950803,"upper_bound":28679.75843141964},"point_estimate":23375.946001950244,"standard_error":3074.6566785862374}}