{"mean":{"confidence_interval":{"confidence_level":0.95,"lower_bound":-0.005115077456026851,"upper_bound":0.021030592437765384},"point_estimate":0.008382554114022334,"standard_error":0.006669214453605522},"median":{"confidence_interval":{"confidence_level":0.95,"lower_bound":0.0042390030206452605,"upper_bound":0.02455463556596693},"point_estimate":0.01415569813810258,"standard_error":0.00497226942340689}}