{"mean":{"confidence_interval":{"confidence_level":0.95,"lower_bound":-0.0274080951054492,"upper_bound":0.0012406628171301446},"point_estimate":-0.01318324081925426,"standard_error":0.007302012503886036},"median":{"confidence_interval":{"confidence_level":0.95,"lower_bound":-0.03298636088648432,"upper_bound":-0.012243208101599623},"point_estimate":-0.023303896528770185,"standard_error":0.005197177991218002}}