{"mean":{"confidence_interval":{"confidence_level":0.95,"lower_bound":0.0030920696745623936,"upper_bound":0.012336923431938752},"point_estimate":0.007702824342928238,"standard_error":0.0023313454986687732},"median":{"confidence_interval":{"confidence_level":0.95,"lower_bound":0.005965805961397397,"upper_bound":0.011391781242972243},"point_estimate":0.008570057237848427,"standard_error":0.0014082064887538288}}