{"mean":{"confidence_interval":{"confidence_level":0.95,"lower_bound":-0.05820803355391461,"upper_bound":-0.046481141402015425},"point_estimate":-0.05299340321493451,"standard_error":0.0029367053626142485},"median":{"confidence_interval":{"confidence_level":0.95,"lower_bound":-0.06608616208125317,"upper_bound":-0.059793758626447646},"point_estimate":-0.0628395994010087,"standard_error":0.0016293272266067963}}