{"mean":{"confidence_interval":{"confidence_level":0.95,"lower_bound":-0.028712068526572106,"upper_bound":-0.006948805275398045},"point_estimate":-0.018503182154837372,"standard_error":0.005526395343775354},"median":{"confidence_interval":{"confidence_level":0.95,"lower_bound":-0.021609687261317522,"upper_bound":-0.005115729981095329},"point_estimate":-0.013016114582863447,"standard_error":0.004012635968442151}}