{"mean":{"confidence_interval":{"confidence_level":0.95,"lower_bound":-0.01914922261328249,"upper_bound":0.012176352845793941},"point_estimate":-0.003719523188042584,"standard_error":0.007972915634908028},"median":{"confidence_interval":{"confidence_level":0.95,"lower_bound":-0.011339192147287513,"upper_bound":0.011554760499997041},"point_estimate":-0.00017531919456992284,"standard_error":0.0056195635962544305}}