{"mean":{"confidence_interval":{"confidence_level":0.95,"lower_bound":-0.3365506255757802,"upper_bound":-0.296876902462087},"point_estimate":-0.31560672090543007,"standard_error":0.009765175073307347},"median":{"confidence_interval":{"confidence_level":0.95,"lower_bound":-0.39794900139951106,"upper_bound":-0.26771281535163105},"point_estimate":-0.35060235834534614,"standard_error":0.040185265315180504}}