{"mean":{"confidence_interval":{"confidence_level":0.95,"lower_bound":-0.014207331054847838,"upper_bound":0.00469862149136846},"point_estimate":-0.0042742713807061294,"standard_error":0.0047783830479343386},"median":{"confidence_interval":{"confidence_level":0.95,"lower_bound":-0.004930134643098549,"upper_bound":0.008648096507810843},"point_estimate":0.004908512645200869,"standard_error":0.003499367358831492}}