{"mean":{"confidence_interval":{"confidence_level":0.95,"lower_bound":-0.0027776944195557485,"upper_bound":0.00043704210509277645},"point_estimate":-0.0011775546138510506,"standard_error":0.000821071377728205},"median":{"confidence_interval":{"confidence_level":0.95,"lower_bound":-0.0016097850209902172,"upper_bound":0.0004398004154295698},"point_estimate":-0.00037601054779401455,"standard_error":0.0005183421164425428}}