{"mean":{"confidence_interval":{"confidence_level":0.95,"lower_bound":-0.0020596983379263375,"upper_bound":0.0031452634238535097},"point_estimate":0.0004814833364248372,"standard_error":0.001313632969365455},"median":{"confidence_interval":{"confidence_level":0.95,"lower_bound":-0.0048343387227886,"upper_bound":-0.002466629611423188},"point_estimate":-0.0038466560783221304,"standard_error":0.0006336705695982085}}