{"mean":{"confidence_interval":{"confidence_level":0.95,"lower_bound":-0.008313532169389017,"upper_bound":0.007664828385498729},"point_estimate":-0.0005116448104794946,"standard_error":0.004070565834110804},"median":{"confidence_interval":{"confidence_level":0.95,"lower_bound":-0.00951254034872151,"upper_bound":0.005427035355365151},"point_estimate":-0.00011408302462612152,"standard_error":0.003668322025505122}}