{"mean":{"confidence_interval":{"confidence_level":0.95,"lower_bound":-0.02525238846520036,"upper_bound":-0.0037367862996403704},"point_estimate":-0.01412098348901858,"standard_error":0.005504039530331319},"median":{"confidence_interval":{"confidence_level":0.95,"lower_bound":-0.020693796375799267,"upper_bound":-0.007180610373580865},"point_estimate":-0.014141336595127063,"standard_error":0.003465982350818782}}