{"mean":{"confidence_interval":{"confidence_level":0.95,"lower_bound":0.0006277986182262854,"upper_bound":0.006545681917224691},"point_estimate":0.004035700735923964,"standard_error":0.0015288321742168735},"median":{"confidence_interval":{"confidence_level":0.95,"lower_bound":0.0060509037911189445,"upper_bound":0.0068466631594605865},"point_estimate":0.006491725547910887,"standard_error":0.00020308992541966805}}