{"mean":{"confidence_interval":{"confidence_level":0.95,"lower_bound":-0.0855428758698917,"upper_bound":-0.07026265246425081},"point_estimate":-0.0781837875620599,"standard_error":0.003902962636725357},"median":{"confidence_interval":{"confidence_level":0.95,"lower_bound":-0.10087393981479331,"upper_bound":-0.09735856762164152},"point_estimate":-0.09957527128705446,"standard_error":0.0008304594643300534}}