{"mean":{"confidence_interval":{"confidence_level":0.95,"lower_bound":-0.0061119535349470734,"upper_bound":-0.0009403995029086125},"point_estimate":-0.0034595159696945155,"standard_error":0.001313005720913192},"median":{"confidence_interval":{"confidence_level":0.95,"lower_bound":-0.007561818669005849,"upper_bound":-0.001168038632570978},"point_estimate":-0.004089810186844622,"standard_error":0.001674101395408529}}