{"mean":{"confidence_interval":{"confidence_level":0.95,"lower_bound":0.00013809201139610173,"upper_bound":0.010039197080671719},"point_estimate":0.0049219092469172665,"standard_error":0.002555264997730871},"median":{"confidence_interval":{"confidence_level":0.95,"lower_bound":-0.005023008484883906,"upper_bound":0.0014562269626472446},"point_estimate":-0.0024409564909828596,"standard_error":0.0015652080315719265}}