{"mean":{"confidence_interval":{"confidence_level":0.95,"lower_bound":-0.015925313703343574,"upper_bound":-0.011961673873042332},"point_estimate":-0.014041282035217373,"standard_error":0.001006390927100825},"median":{"confidence_interval":{"confidence_level":0.95,"lower_bound":-0.01790080818704398,"upper_bound":-0.016019164189620617},"point_estimate":-0.01670330649851537,"standard_error":0.000491119332683144}}