{"mean":{"confidence_interval":{"confidence_level":0.95,"lower_bound":83523.86762866602,"upper_bound":85575.11482998265},"point_estimate":84580.5834968469,"standard_error":523.4606571908929},"median":{"confidence_interval":{"confidence_level":0.95,"lower_bound":84696.85222222222,"upper_bound":86248.21026965002},"point_estimate":85550.22774122807,"standard_error":350.57372375545634},"median_abs_dev":{"confidence_interval":{"confidence_level":0.95,"lower_bound":2185.9872532530994,"upper_bound":3610.909063297401},"point_estimate":2864.2565249004556,"standard_error":376.0982239755783},"slope":{"confidence_interval":{"confidence_level":0.95,"lower_bound":83603.79419044664,"upper_bound":85702.91484934845},"point_estimate":84734.91397615882,"standard_error":537.7115105545722},"std_dev":{"confidence_interval":{"confidence_level":0.95,"lower_bound":3785.7136708401786,"upper_bound":6556.990986012985},"point_estimate":5266.089423230764,"standard_error":707.6505011893715}}