{"mean":{"confidence_interval":{"confidence_level":0.95,"lower_bound":0.004185673494523413,"upper_bound":0.00728557248039926},"point_estimate":0.005725230106837342,"standard_error":0.0007878652514474336},"median":{"confidence_interval":{"confidence_level":0.95,"lower_bound":0.005052461254920981,"upper_bound":0.00631195252706207},"point_estimate":0.005686258425416035,"standard_error":0.0003147306341123191}}