{"mean":{"confidence_interval":{"confidence_level":0.95,"lower_bound":-0.00991921837139689,"upper_bound":-0.004535122368888227},"point_estimate":-0.006999662296925946,"standard_error":0.00139184571437794},"median":{"confidence_interval":{"confidence_level":0.95,"lower_bound":-0.0016857853417801213,"upper_bound":0.00008455791173256344},"point_estimate":-0.0005093190460649932,"standard_error":0.0005027439435549001}}