{"mean":{"confidence_interval":{"confidence_level":0.95,"lower_bound":-0.0017757425486283106,"upper_bound":0.0042495252443621925},"point_estimate":0.0012107550285718194,"standard_error":0.0014979205301570188},"median":{"confidence_interval":{"confidence_level":0.95,"lower_bound":-0.0010204171677322682,"upper_bound":0.007495169127508916},"point_estimate":0.0037723354250898122,"standard_error":0.0021051547161980186}}