{"mean":{"confidence_interval":{"confidence_level":0.95,"lower_bound":-0.0014342437626966298,"upper_bound":0.0026014817556135232},"point_estimate":0.0005578274746198542,"standard_error":0.0010368014726999508},"median":{"confidence_interval":{"confidence_level":0.95,"lower_bound":0.0008393634674148664,"upper_bound":0.0028750510089838865},"point_estimate":0.0019294719314773001,"standard_error":0.0005406990970644192}}